,City,Country,Lat,Lng,Max Temp,Humidity,Cloudiness,Wind Speed,Current Description
0,Marawi,PH,7.9986,124.2928,76.95,83,57,1.5,broken clouds
1,Punta Arenas,CL,-53.15,-70.9167,42.12,75,44,14.25,scattered clouds
2,Torbay,CA,47.6666,-52.7314,36.75,92,100,17.27,mist
3,Port Elizabeth,ZA,-33.918,25.5701,64.31,99,7,1.99,clear sky
4,Yongan,CN,39.6957,113.6871,53.78,21,0,10.02,clear sky
5,Xacmaz,AZ,41.4635,48.806,41.22,72,97,15.5,overcast clouds
6,Saint-Joseph,RE,-21.3667,55.6167,83.21,78,50,2.48,scattered clouds
7,Awjilah,LY,29.1081,21.2869,56.89,16,3,11.39,clear sky
8,Sitka,US,57.0531,-135.33,37.29,81,0,3.44,clear sky
9,Butaritari,KI,3.0707,172.7902,81.66,70,39,9.75,scattered clouds
10,Letlhakane,BW,-21.4167,25.5833,65.46,83,4,13.91,clear sky
11,Baracoa,CU,20.3467,-74.4958,72.01,71,21,10.42,few clouds
12,Caldwell,US,43.6629,-116.6874,57.92,61,0,0.0,clear sky
13,Ushuaia,AR,-54.8,-68.3,40.66,75,20,4.61,few clouds
14,Ajdabiya,LY,30.7554,20.2263,59.05,29,63,19.22,broken clouds
15,Norman Wells,CA,65.282,-126.8329,6.39,98,100,2.55,overcast clouds
16,Sura,RU,53.8879,45.7419,20.91,86,99,13.44,overcast clouds
17,Busselton,AU,-33.65,115.3333,71.06,55,39,15.1,scattered clouds
18,Pipar,IN,26.3856,73.5378,91.72,12,0,11.99,clear sky
19,Taoudenni,ML,22.6783,-3.9836,82.53,35,13,8.12,few clouds
20,Mansa,IN,29.9833,75.3833,97.45,5,0,5.73,clear sky
21,Lompoc,US,34.6391,-120.4579,57.63,74,100,19.57,overcast clouds
22,Bluff,NZ,-46.6,168.3333,61.34,80,4,7.34,clear sky
23,Arraial Do Cabo,BR,-22.9661,-42.0278,75.56,91,70,5.88,broken clouds
24,Mataura,NZ,-46.1927,168.8643,68.43,61,0,6.55,clear sky
25,Ayan,RU,56.45,138.1667,24.91,74,5,7.92,clear sky
26,Marsa Matruh,EG,31.3525,27.2453,57.27,64,0,7.63,clear sky
27,Padang,ID,-0.9492,100.3543,87.17,53,74,7.16,broken clouds
28,Hithadhoo,MV,-0.6,73.0833,81.68,64,2,5.21,clear sky
29,Urengoy,RU,65.9667,78.3667,18.7,91,100,15.05,overcast clouds
30,Chilia Veche,RO,45.4167,29.2833,41.43,41,20,1.77,few clouds
31,Afyonkarahisar,TR,38.75,30.6667,40.1,64,0,0.89,clear sky
32,Saldanha,ZA,-33.0117,17.9442,61.05,82,36,7.85,scattered clouds
33,Laguna,US,38.421,-121.4238,61.39,66,100,12.66,overcast clouds
34,Saint George,US,37.1041,-113.5841,70.39,14,0,13.8,clear sky
35,Dikson,RU,73.5069,80.5464,-10.17,98,45,2.93,scattered clouds
36,Oriximina,BR,-1.7656,-55.8661,73.9,96,99,1.63,heavy intensity rain
37,Clyde River,CA,70.4692,-68.5914,-3.35,96,100,5.48,overcast clouds
38,Terrak,NO,65.087,12.3715,37.27,94,100,22.3,light rain
39,Thompson,CA,55.7435,-97.8558,3.0,94,83,3.62,broken clouds
40,Garoua,CM,9.3,13.4,71.38,16,13,3.0,few clouds
41,Saint-Philippe,RE,-21.3585,55.7679,84.22,79,56,7.0,broken clouds
42,Dunmore Town,BS,25.5,-76.65,72.09,54,0,16.26,clear sky
43,Vikulovo,RU,56.8167,70.6107,24.55,91,87,13.51,overcast clouds
44,Havre-Saint-Pierre,CA,50.2334,-63.5986,30.56,100,100,6.91,overcast clouds
45,Bridlington,GB,54.0831,-0.1919,46.15,98,94,1.99,overcast clouds
46,Necochea,AR,-38.5473,-58.7368,55.0,67,0,7.29,clear sky
47,Lavrentiya,RU,65.5833,-171.0,7.41,87,27,5.68,scattered clouds
48,Tuktoyaktuk,CA,69.4541,-133.0374,-16.46,95,12,6.33,few clouds
49,Port Alfred,ZA,-33.5906,26.891,68.5,73,21,8.28,few clouds
50,Namibe,AO,-15.1961,12.1522,70.43,71,92,11.05,overcast clouds
51,Haimen,CN,23.1935,116.6142,59.45,81,100,12.26,light rain
52,Morgan City,US,29.6994,-91.2068,63.0,100,20,3.44,few clouds
53,Dhidhdhoo,MV,6.8833,73.1,82.78,67,12,3.76,few clouds
54,Ribeira Grande,PT,38.5167,-28.7,59.68,85,99,11.92,overcast clouds
55,Burnie,AU,-41.0667,145.9167,72.95,79,53,10.67,broken clouds
56,Bodrum,TR,37.0383,27.4292,56.68,55,60,4.61,broken clouds
57,Envira,BR,-7.3,-70.2167,70.77,100,98,1.86,overcast clouds
58,Inhuma,BR,-6.6683,-41.7078,71.31,90,80,3.96,broken clouds
59,Talcahuano,CL,-36.7167,-73.1167,51.37,83,0,8.34,clear sky
60,Yalutorovsk,RU,56.6536,66.3006,26.04,90,100,14.94,overcast clouds
61,Nuuk,GL,64.1835,-51.7216,32.61,64,20,2.3,few clouds
62,Qaanaaq,GL,77.484,-69.3632,6.48,95,99,4.79,overcast clouds
63,Novyy Svit,UA,47.8059,38.0211,30.0,43,32,15.21,scattered clouds
64,Hirara,JP,24.8,125.2833,68.27,85,100,24.99,overcast clouds
65,Cassilandia,BR,-19.1133,-51.7342,71.8,89,96,2.08,overcast clouds
66,Rikitea,PF,-23.1203,-134.9692,79.25,67,79,8.32,broken clouds
67,Ballina,AU,-28.8667,153.5667,70.79,99,100,11.16,moderate rain
68,Vaini,TO,-21.2,-175.2,77.16,94,75,8.05,light intensity shower rain
69,Martyush,RU,56.4,61.8819,29.41,94,100,15.93,overcast clouds
70,Aksu,CN,41.1231,80.2644,56.48,23,53,3.15,broken clouds
71,Sahuaripa,MX,29.05,-109.2333,66.45,17,98,6.55,overcast clouds
72,Hamilton,US,39.1834,-84.5333,29.39,65,0,6.91,clear sky
73,Jamestown,US,42.097,-79.2353,20.01,62,100,10.36,fog
74,Atar,MR,20.5169,-13.0499,69.84,25,99,4.07,overcast clouds
75,Mount Gambier,AU,-37.8333,140.7667,68.43,57,35,8.52,scattered clouds
76,Nikolskoye,RU,59.7035,30.7861,26.87,95,100,12.12,snow
77,Maunabo,PR,18.0072,-65.8993,72.39,74,21,0.74,few clouds
78,Castro,BR,-24.7911,-50.0119,60.37,98,3,3.74,clear sky
79,Khasan,RU,42.4308,130.6434,45.73,43,1,13.27,clear sky
80,Tocopilla,CL,-22.092,-70.1979,67.86,74,13,4.18,few clouds
81,New Norfolk,AU,-42.7826,147.0587,69.91,52,88,3.0,overcast clouds
82,Atuona,PF,-9.8,-139.0333,79.43,77,89,16.58,overcast clouds
83,San Policarpo,PH,12.1791,125.5072,81.54,84,60,12.88,broken clouds
84,Tiksi,RU,71.6872,128.8694,3.2,85,100,3.8,overcast clouds
85,Albany,US,42.6001,-73.9662,23.18,61,100,3.0,overcast clouds
86,Mahebourg,MU,-20.4081,57.7,82.26,64,10,7.18,clear sky
87,Hanyang,CN,32.1371,105.5126,58.8,60,100,6.78,overcast clouds
88,Kodiak,US,57.79,-152.4072,36.91,100,100,12.66,moderate rain
89,Hobart,AU,-42.8794,147.3294,70.27,76,40,20.71,scattered clouds
90,Port Macquarie,AU,-31.4333,152.9167,70.12,91,100,9.51,moderate rain
91,Cabo San Lucas,MX,22.8909,-109.9124,69.62,48,13,11.59,few clouds
92,Buraydah,SA,26.326,43.975,60.06,21,0,10.38,clear sky
93,Husavik,IS,66.0449,-17.3389,23.68,73,99,7.63,overcast clouds
94,Hilo,US,19.7297,-155.09,74.93,74,40,1.01,scattered clouds
95,Oranjestad,AW,12.524,-70.027,77.68,88,29,22.77,scattered clouds
96,Yellowknife,CA,62.456,-114.3525,5.56,77,100,5.99,overcast clouds
97,Labuhan,ID,-6.8844,112.2051,86.76,65,86,4.5,overcast clouds
98,Kapaa,US,22.0752,-159.319,75.18,79,75,8.05,light rain
99,Carnarvon,AU,-24.8667,113.6333,85.46,51,0,15.05,clear sky
100,Camacupa,AO,-12.0167,17.4833,60.82,99,100,2.35,overcast clouds
101,Meulaboh,ID,4.1363,96.1285,84.9,63,94,3.47,overcast clouds
102,Abha,SA,18.2164,42.5053,61.05,20,0,0.0,clear sky
103,Vaitape,PF,-16.5167,-151.75,82.6,70,32,14.61,light rain
104,Kavieng,PG,-2.5744,150.7967,84.36,70,35,9.82,scattered clouds
105,Camana,PE,-16.6228,-72.7111,69.49,86,61,6.85,broken clouds
106,Mar Del Plata,AR,-38.0023,-57.5575,56.88,82,0,3.0,clear sky
107,Lorengau,PG,-2.0226,147.2712,83.57,72,93,8.9,overcast clouds
108,Port Moresby,PG,-9.4431,147.1797,82.62,76,89,6.13,overcast clouds
109,Bethel,US,41.3712,-73.414,28.94,54,75,11.5,broken clouds
110,Busayra,JO,30.7376,35.6078,44.76,59,0,2.68,clear sky
111,Dalby,AU,-27.1833,151.2667,79.45,45,68,5.75,broken clouds
112,Palmer,US,42.1584,-72.3287,27.01,49,100,24.16,overcast clouds
113,Kendari,ID,-3.945,122.4989,87.08,59,95,4.94,heavy intensity rain
114,Hermanus,ZA,-34.4187,19.2345,64.49,62,61,4.83,broken clouds
115,Esperance,AU,-33.8667,121.9,68.11,60,82,12.88,broken clouds
116,Khatanga,RU,71.9667,102.5,1.0,93,100,12.3,light snow
117,Mackenzie,CA,55.2999,-123.1698,26.58,97,100,2.86,overcast clouds
118,Dutlwe,BW,-23.9833,23.9,64.18,67,0,8.88,clear sky
119,Alofi,NU,-19.0595,-169.9187,76.89,94,100,4.61,drizzle
120,Georgetown,MY,5.4112,100.3354,87.73,70,20,2.3,few clouds
121,Puerto Ayora,EC,-0.7393,-90.3518,78.42,84,75,7.81,broken clouds
122,Santa Isabel Do Rio Negro,BR,-0.4139,-65.0192,73.17,100,100,1.74,overcast clouds
123,Atambua,ID,-9.1061,124.8925,81.07,71,100,3.44,overcast clouds
124,Avarua,CK,-21.2078,-159.775,75.25,94,75,4.61,light rain
125,Annau,TM,37.8876,58.516,57.88,40,3,7.78,clear sky
126,Poum,NC,-20.2333,164.0167,81.86,73,32,17.92,scattered clouds
127,Cape Town,ZA,-33.9258,18.4232,63.12,74,49,9.44,scattered clouds
128,Guarapari,BR,-20.6667,-40.4975,75.88,89,3,5.82,clear sky
129,San Quintin,MX,30.4833,-115.95,58.75,81,100,1.01,overcast clouds
130,Itarema,BR,-2.9248,-39.9167,76.46,90,98,7.27,overcast clouds
131,Batagay-Alyta,RU,67.8006,130.4114,12.79,68,79,3.15,broken clouds
132,Yasothon,TH,15.75,104.1333,85.03,68,100,5.68,overcast clouds
133,Kapuskasing,CA,49.4169,-82.4331,2.25,92,100,8.81,overcast clouds
134,Harper,LR,4.375,-7.7169,79.59,88,28,5.91,scattered clouds
135,Coihaique,CL,-45.5752,-72.0662,42.51,100,100,3.49,moderate rain
136,Ilulissat,GL,69.2167,-51.1,30.22,47,52,27.63,mist
137,Gao,ML,16.6362,1.637,74.44,7,11,11.74,few clouds
138,Madras,IN,13.0878,80.2785,89.58,76,40,11.5,mist
139,Vila Velha,BR,-20.3297,-40.2925,76.95,91,0,4.61,clear sky
140,Bambous Virieux,MU,-20.3428,57.7575,82.22,63,12,6.87,few clouds
141,Sorland,NO,67.667,12.6934,32.88,63,100,40.15,overcast clouds
142,Macusani,PE,-14.0833,-70.4333,37.87,98,100,5.77,overcast clouds
143,Kindu,CD,-2.95,25.95,69.55,99,100,1.68,overcast clouds
144,Weatherford,US,32.7593,-97.7972,71.1,42,81,1.99,broken clouds
145,Mumford,GH,5.2618,-0.759,80.13,89,81,8.52,broken clouds
146,Macaubas,BR,-13.0194,-42.6986,70.12,71,94,3.94,overcast clouds
147,Erenhot,CN,43.6475,111.9767,54.32,21,72,23.0,broken clouds
148,Tazovskiy,RU,67.4667,78.7,8.38,95,99,12.64,overcast clouds
149,Veraval,IN,20.9,70.3667,90.46,33,4,10.18,clear sky
150,Lac Du Bonnet,CA,50.2536,-96.0612,8.33,92,21,1.25,few clouds
151,Severo-Kurilsk,RU,50.6789,156.125,32.7,93,97,25.99,snow
152,Strathmore,CA,51.0501,-113.3852,43.95,49,100,8.99,overcast clouds
153,Saveh,IR,35.0213,50.3566,50.49,29,0,12.48,clear sky
154,Klaksvik,FO,62.2266,-6.589,38.32,71,100,14.94,overcast clouds
155,Brae,GB,60.3964,-1.353,43.99,81,47,16.22,scattered clouds
156,Lasa,IT,46.6166,10.7002,40.03,60,2,1.61,clear sky
157,Guerrero Negro,MX,27.9769,-114.0611,60.26,84,62,8.19,broken clouds
158,Cabinda,AO,-5.55,12.2,78.66,94,92,5.84,overcast clouds
159,Vostok,RU,46.4856,135.8833,28.92,86,100,11.52,light snow
160,Saint Anthony,US,45.0205,-93.218,24.4,42,0,8.05,clear sky
161,Houlton,US,46.1262,-67.8403,32.61,80,75,3.44,broken clouds
162,Pitimbu,BR,-7.4706,-34.8086,75.79,84,94,8.21,overcast clouds
163,Kaitangata,NZ,-46.2817,169.8464,63.25,75,2,4.38,clear sky
164,Barrow,US,71.2906,-156.7887,-0.38,71,100,17.27,overcast clouds
165,Tessalit,ML,20.1986,1.0114,78.15,8,75,11.34,broken clouds
166,Bayji,IQ,34.9311,43.487,52.9,55,0,8.48,clear sky
167,Cortes,ES,41.9395,-1.4396,46.45,67,59,5.7,broken clouds
168,Nizwa,OM,22.9333,57.5333,86.72,16,0,3.65,clear sky
169,San Patricio,US,28.017,-97.5169,69.89,83,61,13.44,broken clouds
170,Nemuro,JP,43.3236,145.575,34.3,79,81,15.28,broken clouds
171,Lannion,FR,48.75,-3.4167,46.38,100,100,9.22,fog
172,Petrozavodsk,RU,61.7849,34.3469,18.86,73,100,6.71,light snow
173,Comodoro Rivadavia,AR,-45.8667,-67.5,58.86,38,0,14.97,clear sky
174,Coari,BR,-4.085,-63.1414,73.69,99,100,1.36,overcast clouds
175,Treinta Y Tres,UY,-33.2333,-54.3833,57.47,79,0,4.74,clear sky
176,Casino,AU,-28.8667,153.05,70.57,96,100,3.51,light rain
177,Lodja,CD,-3.4833,23.4333,69.55,100,100,2.66,moderate rain
178,Payo,ID,-3.7508,103.6372,91.45,51,38,4.23,scattered clouds
179,Hobbs,US,32.7026,-103.136,69.06,12,0,11.5,clear sky
180,Qax,AZ,41.4225,46.9242,40.19,57,83,12.01,broken clouds
181,Ponta Do Sol,PT,32.6667,-17.1,61.05,72,100,2.86,overcast clouds
182,Pauini,BR,-7.7136,-66.9764,73.24,99,100,1.52,overcast clouds
183,Coral Springs,US,26.2712,-80.2706,68.99,65,0,5.75,clear sky
184,Nikel,RU,69.4128,30.222,8.78,97,89,3.69,overcast clouds
185,San Sebastian,ES,43.3128,-1.975,60.64,48,0,4.61,clear sky
186,Carballo,ES,43.213,-8.691,53.02,80,100,2.37,overcast clouds
187,Bredasdorp,ZA,-34.5322,20.0403,62.53,70,100,2.86,overcast clouds
188,Thinadhoo,MV,0.5333,72.9333,81.79,64,6,6.24,clear sky
189,University Place,US,47.2356,-122.5504,56.68,86,100,0.0,overcast clouds
190,Arman,RU,59.7,150.1667,25.02,63,100,12.95,overcast clouds
191,Tasiilaq,GL,65.6145,-37.6368,24.96,80,100,10.11,overcast clouds
192,Ucluelet,CA,48.9329,-125.5528,49.08,93,100,4.45,overcast clouds
193,Nevsehir,TR,38.9167,34.6667,27.61,80,0,4.61,clear sky
194,Puerto Escondido,MX,15.85,-97.0667,77.63,75,94,3.2,overcast clouds
195,Flinders,AU,-34.5833,150.8552,74.37,85,93,5.01,light rain
196,Mumbwa,ZM,-14.9783,27.0619,65.01,97,81,4.88,broken clouds
197,Biak,ID,-0.9131,122.8766,83.7,67,100,1.97,overcast clouds
198,Bathsheba,BB,13.2167,-59.5167,77.61,73,20,14.97,few clouds
199,Avera,US,33.194,-82.5271,53.65,48,47,8.97,scattered clouds
200,Kamaishi,JP,39.2667,141.8833,47.14,50,44,15.93,scattered clouds
201,Tripoli,LY,32.8752,13.1875,59.67,87,95,8.61,overcast clouds
202,Fukue,JP,32.6881,128.8419,54.7,68,100,20.02,overcast clouds
203,Yar-Sale,RU,66.8333,70.8333,17.42,90,100,18.68,overcast clouds
204,Bambanglipuro,ID,-7.95,110.2833,87.57,62,86,4.09,overcast clouds
205,Camalu,MX,30.85,-116.0667,58.46,79,98,0.94,overcast clouds
206,Tura,IN,25.5198,90.2201,91.0,28,7,4.45,clear sky
207,Sao Filipe,CV,14.8961,-24.4956,70.21,75,100,7.52,overcast clouds
208,Manta,EC,-0.95,-80.7333,78.58,89,100,2.3,light rain
209,Namatanai,PG,-3.6667,152.4333,83.3,76,72,7.61,light rain
210,Mogadishu,SO,2.0371,45.3438,82.08,66,24,15.35,few clouds
211,Mapimi,MX,25.8167,-103.85,66.72,15,77,6.24,broken clouds
212,Ganzhou,CN,28.8184,115.4327,64.58,59,39,5.82,scattered clouds
213,Faya,SA,18.3851,42.4509,61.32,26,0,2.33,clear sky
214,Mabai,CN,23.0128,104.4508,58.91,82,61,5.68,broken clouds
215,Parana,AR,-31.732,-60.5238,67.55,93,25,7.45,scattered clouds
216,Verkhnetulomskiy,RU,68.6073,31.7962,5.13,98,98,1.45,overcast clouds
217,Kemijarvi,FI,66.7131,27.4306,17.85,76,100,8.19,overcast clouds
218,Zonguldak,TR,41.25,31.8333,32.85,79,71,3.42,broken clouds
219,Makinsk,KZ,52.6292,70.4169,28.08,87,98,11.39,overcast clouds
220,Pincher Creek,CA,49.4833,-113.952,45.43,70,95,4.97,overcast clouds
221,Mangrol,IN,21.1167,70.1167,89.28,35,3,9.71,clear sky
222,Hasaki,JP,35.7333,140.8333,64.29,50,98,15.68,overcast clouds
223,Chokurdakh,RU,70.6333,147.9167,1.99,91,21,5.7,few clouds
224,Longyearbyen,SJ,78.2186,15.6401,6.64,72,20,8.05,few clouds
225,Peddapuram,IN,17.0833,82.1333,87.89,32,20,6.53,few clouds
226,Haines Junction,CA,60.7522,-137.5108,14.7,97,82,3.15,broken clouds
227,Lebu,CL,-37.6167,-73.65,51.04,85,3,6.87,clear sky
228,Cayenne,GF,4.9333,-52.3333,80.1,1,20,8.05,few clouds
229,Kisesa,TZ,-3.0833,34.15,66.61,83,97,3.85,overcast clouds
230,Rocha,UY,-34.4833,-54.3333,59.32,65,0,4.54,clear sky
231,Gidole,ET,5.65,37.3667,63.57,56,69,5.57,broken clouds
232,Iqaluit,CA,63.7506,-68.5145,10.13,92,75,3.44,mist
233,Portree,GB,57.4129,-6.1942,48.52,73,11,0.69,few clouds
234,Sungairaya,ID,0.7,108.9,89.82,54,7,7.23,clear sky
235,Kameshkovo,RU,56.3481,41.0047,19.72,85,100,11.83,overcast clouds
236,Guelph,CA,43.5501,-80.2497,16.7,75,100,13.8,overcast clouds
237,Axim,GH,4.8699,-2.2405,79.84,88,100,6.35,overcast clouds
238,Nanortalik,GL,60.1432,-45.2371,28.45,78,62,3.06,broken clouds
239,Shevchenkove,UA,49.6959,37.1735,28.53,47,47,14.63,scattered clouds
240,Johvi,EE,59.3592,27.4211,38.35,81,100,18.81,overcast clouds
241,Camacha,PT,33.0833,-16.3333,54.82,82,20,6.91,few clouds
242,Chuy,UY,-33.6971,-53.4616,59.99,64,0,5.66,clear sky
243,Sri Aman,MY,1.2376,111.4621,94.68,44,49,1.45,scattered clouds
244,Ranfurly,NZ,-45.1333,170.1,77.11,52,0,3.67,clear sky
245,Arua,UG,3.0201,30.9111,66.54,84,96,3.2,overcast clouds
246,Katipunan,PH,7.5825,122.8306,81.77,74,50,10.25,scattered clouds
247,Dingle,PH,10.9995,122.6711,89.17,56,23,15.03,few clouds
248,Westport,US,41.1415,-73.3579,30.56,48,20,17.27,few clouds
249,Olinda,BR,-8.0089,-34.8553,82.13,78,75,8.05,mist
250,Pevek,RU,69.7008,170.3133,-8.03,93,21,6.15,few clouds
251,Bilma,NE,18.6853,12.9164,64.6,12,0,6.33,clear sky
252,Upernavik,GL,72.7868,-56.1549,13.48,81,97,8.14,overcast clouds
253,Dezhou,CN,37.4486,116.2925,62.76,30,21,18.12,few clouds
254,Tuatapere,NZ,-46.1333,167.6833,62.62,81,22,8.79,few clouds
255,Valparaiso,CL,-33.0393,-71.6273,60.48,70,78,11.32,broken clouds
256,Pedernales,DO,18.0384,-71.744,76.42,79,74,2.89,broken clouds
257,Apiai,BR,-24.5094,-48.8425,68.09,87,96,1.01,overcast clouds
258,Aja,EG,30.9415,31.2915,51.76,81,0,4.83,clear sky
259,Bonthe,SL,7.5264,-12.505,76.08,87,82,7.87,light rain
260,Chibombo,ZM,-14.6569,28.0706,65.12,98,94,6.24,overcast clouds
261,Hobyo,SO,5.3505,48.5268,81.25,61,94,14.56,overcast clouds
262,Natal,BR,-5.795,-35.2094,75.85,100,40,3.44,scattered clouds
263,Ambon,ID,-3.6954,128.1814,91.54,52,20,8.05,few clouds
264,Faanui,PF,-16.4833,-151.75,82.56,70,31,14.58,light rain
265,Fortuna,US,40.5982,-124.1573,52.93,89,100,8.05,overcast clouds
266,Luena,AO,-11.7833,19.9167,61.34,96,100,1.92,overcast clouds
267,Fairbanks,US,64.8378,-147.7164,31.08,61,0,0.0,clear sky
268,Billings,US,45.7833,-108.5007,56.28,43,75,0.0,broken clouds
269,Dunedin,NZ,-45.8742,170.5036,61.81,85,0,10.0,clear sky
270,Muros,ES,42.7762,-9.0603,52.84,88,100,5.97,overcast clouds
271,Ixtapa,MX,20.7,-105.2,71.22,88,0,0.0,clear sky
272,Victoria,HK,22.2855,114.1577,64.94,89,100,1.99,light rain
273,Seguela,CI,7.9611,-6.6731,74.61,81,59,4.79,broken clouds
274,Fort Nelson,CA,58.8053,-122.7002,27.48,94,100,2.28,overcast clouds
275,Airai,TL,-8.9266,125.4092,70.84,72,95,1.43,overcast clouds
276,Amuntai,ID,-2.4177,115.2494,89.69,60,87,3.22,light rain
277,Pisco,PE,-13.7,-76.2167,68.05,77,0,6.91,clear sky
278,Luderitz,NA,-26.6481,15.1594,62.13,73,0,1.7,clear sky
279,Ginda,IN,30.6945,78.4932,76.66,12,18,6.35,few clouds
280,Larsnes,NO,62.2028,5.5773,41.45,82,100,21.72,overcast clouds
281,Provideniya,RU,64.3833,-173.3,21.31,68,0,2.24,clear sky
282,Waddan,LY,29.1614,16.139,63.0,12,33,9.84,scattered clouds
283,Raudeberg,NO,61.9875,5.1352,39.87,79,100,26.84,overcast clouds
284,Bonga,ET,7.2833,36.2333,61.11,95,64,2.06,light rain
285,Bereda,ES,43.2686,-7.5406,46.58,79,100,1.28,overcast clouds
286,Birjand,IR,32.8663,59.2211,61.25,10,0,7.36,clear sky
287,Ostrovnoy,RU,68.0531,39.5131,20.97,67,100,10.09,light snow
288,San Borja,BO,-14.8167,-66.85,68.79,91,97,0.65,overcast clouds
289,Kirakira,SB,-10.4544,161.9205,82.76,80,71,7.27,broken clouds
290,Constitucion,CL,-35.3333,-72.4167,53.74,78,52,11.52,broken clouds
291,Markova,UA,48.6758,24.4138,35.55,53,19,5.1,few clouds
292,Dicabisagan,PH,17.0818,122.4157,86.4,63,58,7.43,broken clouds
293,Taksimo,RU,56.3444,114.8794,19.87,55,93,10.65,overcast clouds
294,Emerald,AU,-23.5333,148.1667,87.35,37,1,10.07,clear sky
295,Pokrovsk,UA,48.282,37.1758,29.23,47,60,14.94,broken clouds
296,Luxeuil-Les-Bains,FR,47.8171,6.365,42.31,86,0,2.3,clear sky
297,Salalah,OM,17.0151,54.0924,87.89,20,2,21.85,clear sky
298,Kaman,IN,27.65,77.2667,97.2,6,1,6.78,clear sky
299,Bouillante,GP,16.1304,-61.7692,70.83,80,34,8.59,scattered clouds
300,Bonavista,CA,48.6499,-53.1147,32.36,96,100,24.76,snow
301,Muroto,JP,33.2833,134.15,55.6,66,99,16.71,overcast clouds
302,Yerofey Pavlovich,RU,53.9667,121.9667,28.4,45,95,15.1,overcast clouds
303,Port Hardy,CA,50.6996,-127.4199,43.75,90,100,6.17,overcast clouds
304,Planeta Rica,CO,8.4147,-75.5883,76.98,88,98,7.16,overcast clouds
305,Minusinsk,RU,53.7103,91.6875,32.02,40,37,4.56,scattered clouds
306,Iisalmi,FI,63.5592,27.1907,21.52,94,100,9.51,snow
307,Pidvynohradiv,UA,48.1395,22.9719,24.71,53,18,3.4,few clouds
308,Caieiras,BR,-23.3642,-46.7406,73.27,96,100,2.68,overcast clouds
309,Bandarbeyla,SO,9.4942,50.8122,80.69,64,14,15.52,few clouds
310,Maceio,BR,-9.6658,-35.7353,76.44,94,75,2.3,broken clouds
311,Leningradskiy,RU,69.3833,178.4167,-3.5,92,40,1.97,scattered clouds
312,Librazhd,AL,41.1794,20.315,49.96,86,100,2.1,overcast clouds
313,Mendi,PG,-6.1761,143.6513,62.76,94,80,3.29,broken clouds
314,Kavaratti,IN,10.5669,72.642,83.34,77,87,9.73,overcast clouds
315,Saskylakh,RU,71.9167,114.0833,1.29,89,100,9.08,overcast clouds
316,Kandalaksha,RU,67.162,32.4123,6.94,94,91,4.63,overcast clouds
317,Sangin,AF,32.0728,64.8359,73.56,9,0,1.32,clear sky
318,Magrath,CA,49.4167,-112.8686,50.34,55,100,2.01,overcast clouds
319,Charters Towers,AU,-20.1,146.2667,92.55,27,2,8.08,clear sky
320,Morogoro,TZ,-6.8167,37.6667,75.22,81,41,1.36,scattered clouds
321,Banda Aceh,ID,5.5577,95.3222,85.87,66,70,6.49,light rain
322,East London,ZA,-33.0153,27.9116,67.21,78,41,9.6,scattered clouds
323,Am Timan,TD,11.0297,20.2827,71.17,12,46,6.78,scattered clouds
324,Mayskiy,RU,47.6931,40.1025,27.81,50,18,17.34,few clouds
325,Skegness,GB,53.1436,0.3363,41.07,86,74,2.64,broken clouds
326,Ancud,CL,-41.8697,-73.8203,55.22,82,86,19.42,overcast clouds
327,Mangai,CD,-4.05,19.5333,71.37,99,100,1.39,moderate rain
328,Lagoa,PT,39.05,-27.9833,58.24,84,96,9.48,overcast clouds
329,Yima,CN,34.7381,111.8839,59.43,39,1,13.69,clear sky
330,Port-Gentil,GA,-0.7193,8.7815,81.45,83,99,11.16,light rain
331,Ishigaki,JP,24.3448,124.1572,69.33,85,100,22.88,overcast clouds
332,Aitape,PG,-3.1374,142.3475,82.13,83,97,11.79,light rain
333,Ondjiva,AO,-17.0667,15.7333,64.49,52,42,6.42,scattered clouds
334,Kruisfontein,ZA,-34.0033,24.7314,68.13,52,9,8.81,clear sky
335,Broken Hill,AU,-31.95,141.4333,81.77,27,99,14.38,overcast clouds
336,Kahului,US,20.8947,-156.47,75.22,71,40,20.71,scattered clouds
337,Corrales,US,35.2378,-106.6067,68.18,16,73,7.0,broken clouds
338,Bengkulu,ID,-3.8004,102.2655,84.7,65,38,9.51,scattered clouds
339,Surgut,RU,61.25,73.4167,19.58,52,0,11.18,clear sky
340,Beloha,MG,-25.1667,45.05,74.55,78,100,14.99,light rain
341,Ciudad Bolivar,VE,8.1222,-63.5497,78.06,71,98,13.2,overcast clouds
342,Mpanda,TZ,-6.3655,31.0409,66.24,96,54,1.12,broken clouds
343,Bergen,NO,60.392,5.328,43.88,89,75,18.41,broken clouds
344,Sarankhola,BD,22.3082,89.7897,94.66,40,10,7.58,clear sky
345,Turukhansk,RU,65.8167,87.9833,10.67,85,96,5.48,overcast clouds
346,Dengzhou,CN,37.8086,120.7508,53.62,34,0,8.39,clear sky
347,Katangli,RU,51.7102,143.2326,22.15,74,68,21.41,broken clouds
348,Dudinka,RU,69.4058,86.1778,2.86,94,95,8.55,overcast clouds
349,Mariakani,KE,-3.8633,39.4736,80.91,75,59,3.22,broken clouds
350,Daru,PG,-9.0763,143.2092,78.13,89,100,7.67,light rain
351,Sweetwater,US,25.7634,-80.3731,69.98,71,0,4.61,clear sky
352,Anloga,GH,5.7947,0.8973,81.64,86,75,13.04,broken clouds
353,Luganville,VU,-15.5333,167.1667,81.28,84,100,1.12,overcast clouds
354,Cidreira,BR,-30.1811,-50.2056,66.47,83,0,7.76,clear sky
355,Termini Imerese,IT,37.9837,13.6956,56.98,65,31,5.37,scattered clouds
356,Mantua,IT,45.1667,10.7833,42.1,60,1,2.8,clear sky
357,Sakaiminato,JP,35.55,133.2333,48.87,46,100,14.94,overcast clouds
358,Abu Kamal,SY,34.4506,40.9171,51.53,50,0,10.4,clear sky
359,Boguchar,RU,49.9358,40.545,26.56,59,54,17.98,broken clouds
360,Porto Empedocle,IT,37.2934,13.5264,45.32,83,8,7.78,clear sky
361,Villazon,BO,-22.0866,-65.5942,48.96,66,2,5.1,clear sky
362,Peniche,PT,39.3558,-9.3811,60.93,73,100,14.23,overcast clouds
363,Sioux Lookout,CA,50.1001,-91.917,-9.44,99,35,2.55,scattered clouds
364,Port Keats,AU,-14.25,129.55,90.28,57,99,5.1,light rain
365,Yaan,NG,7.3833,8.5667,75.67,59,50,4.88,scattered clouds
366,Vardo,NO,70.3705,31.1107,26.64,60,100,20.69,light snow
367,Barranca,PE,-10.75,-77.7667,69.66,84,87,6.6,overcast clouds
368,Dauriya,RU,49.9333,116.8667,34.05,38,98,15.17,overcast clouds
369,Hanzhong,CN,33.0728,107.0303,67.86,43,53,2.77,broken clouds
370,Stolin,BY,51.8912,26.846,35.73,56,75,15.01,broken clouds
371,Vila,PT,42.0304,-8.1588,45.7,75,100,3.76,overcast clouds
372,Gizo,SB,-8.103,156.8419,83.88,73,100,6.17,light rain
373,Ranong,TH,9.9658,98.6348,89.38,61,97,6.44,overcast clouds
374,Leticia,CO,-4.2153,-69.9406,75.25,94,75,0.0,broken clouds
375,San Cristobal,VE,7.7669,-72.225,68.18,83,89,2.1,overcast clouds
376,Khani,GE,41.9563,42.9566,35.17,97,99,7.9,light snow
377,Stephenville,US,32.2207,-98.2023,70.59,35,0,9.22,clear sky
378,Lokoja,NG,7.8024,6.743,74.86,80,31,2.75,scattered clouds
379,Jalu,LY,29.0331,21.5482,56.71,17,2,11.61,clear sky
380,Valdivia,CL,-39.8142,-73.2459,44.2,97,0,1.25,clear sky
381,Port Blair,IN,11.6667,92.75,87.84,66,20,6.91,haze
382,Manzanillo,CU,20.3433,-77.1167,69.08,68,21,10.94,few clouds
383,Maracacume,BR,-2.0428,-45.9592,73.26,98,100,1.81,overcast clouds
384,Urdoma,RU,61.7533,48.5442,13.15,90,100,10.71,overcast clouds
385,Slonim,BY,53.0867,25.3219,36.95,63,60,13.85,broken clouds
386,Sibolga,ID,1.7427,98.7792,86.59,47,8,4.99,clear sky
387,Mehamn,NO,71.0357,27.8492,22.91,72,100,10.4,light snow
388,Uddevalla,SE,58.3478,11.9424,43.16,84,75,7.0,broken clouds
389,Mudbidri,IN,13.0833,74.9833,87.42,62,40,3.44,scattered clouds
390,Cherskiy,RU,68.75,161.3,8.22,87,70,5.7,broken clouds
391,Kidal,ML,18.4411,1.4078,76.6,8,56,11.48,broken clouds
392,Tual,ID,-5.6667,132.75,80.4,79,100,12.97,overcast clouds
393,Nalut,LY,30.3333,10.85,60.17,31,3,9.62,clear sky
394,Brownwood,US,31.7093,-98.9912,71.6,27,20,10.36,few clouds
395,San-Pedro,CI,4.7485,-6.6363,78.46,93,72,2.71,broken clouds
396,Ahipara,NZ,-35.1667,173.1667,68.79,62,0,10.47,clear sky
397,Yanam,IN,16.7333,82.2167,98.37,37,17,5.12,few clouds
398,Mehran,IR,33.1222,46.1646,57.07,35,0,11.77,clear sky
399,Aswan,EG,24.0934,32.907,60.94,14,41,14.12,scattered clouds
400,Asfi,MA,32.2994,-9.2372,63.12,76,93,12.26,overcast clouds
401,Adrar,MR,20.5022,-10.0711,72.16,16,12,8.79,few clouds
402,Korhogo,CI,9.45,-5.6333,78.19,63,81,4.32,broken clouds
403,Tuxpan,MX,19.55,-103.4,59.61,49,2,3.02,clear sky
404,Biloela,AU,-24.4167,150.5,88.23,31,8,10.85,clear sky
405,Gushikawa,JP,26.3544,127.8686,65.43,72,100,13.8,overcast clouds
406,Kano,NG,12.0001,8.5167,68.94,12,13,10.8,few clouds
407,Aquiraz,BR,-3.9014,-38.3911,78.89,90,99,5.86,overcast clouds
408,Shebalino,RU,51.2917,85.6772,36.16,75,100,7.23,overcast clouds
409,Ola,RU,59.5833,151.2833,25.14,61,100,16.11,overcast clouds
410,Hervey Bay,AU,-25.2986,152.8535,82.02,73,8,11.01,clear sky
411,Bongandanga,CD,1.5,21.05,70.27,83,100,3.2,overcast clouds
412,Matara,LK,5.9485,80.5353,87.53,62,4,8.41,clear sky
413,Portland,US,45.5234,-122.6762,62.64,78,75,5.75,broken clouds
414,Santarem,BR,-2.4431,-54.7083,77.13,94,100,13.8,moderate rain
415,Diego De Almagro,CL,-26.3667,-70.05,63.99,38,0,0.89,clear sky
416,Williston,US,48.147,-103.618,36.03,38,97,5.99,overcast clouds
417,Abidjan,CI,5.3094,-4.0197,80.56,100,20,3.44,few clouds
418,Kachug,RU,53.9606,105.8817,21.09,67,87,8.57,overcast clouds
419,Caborca,MX,30.5838,-111.101,66.07,17,88,5.64,overcast clouds
420,Mizdah,LY,31.4451,12.9801,59.09,33,64,4.21,broken clouds
421,Vao,NC,-22.6667,167.4833,77.05,67,14,15.59,few clouds
422,Santa Vitoria Do Palmar,BR,-33.5189,-53.3681,59.97,68,0,5.28,clear sky
423,Orange Cove,US,36.6244,-119.3137,64.06,72,43,4.16,scattered clouds
424,Hastings,GB,50.8552,0.5729,47.52,95,4,7.65,clear sky
425,Waipawa,NZ,-41.4122,175.5153,55.98,81,92,6.13,overcast clouds
426,Port Hawkesbury,CA,45.6169,-61.3485,36.91,95,54,1.01,broken clouds
427,Narsaq,GL,60.9167,-46.05,41.22,69,19,7.36,few clouds
428,Sabalgarh,IN,26.25,77.4,97.5,7,3,8.01,clear sky
429,Galle,LK,6.0367,80.217,86.86,63,6,7.0,clear sky
430,Merrill,US,45.1805,-89.6835,19.35,48,0,1.01,clear sky
431,Sakakah,SA,29.9697,40.2064,51.55,26,0,12.15,clear sky
432,Zyryanka,RU,65.75,150.85,14.77,80,60,3.69,broken clouds
433,Miri,MY,4.4148,114.0089,84.56,64,44,7.54,scattered clouds
434,Coahuayana,MX,18.7333,-103.6833,67.71,72,1,3.91,clear sky
435,Maniwaki,CA,46.3834,-75.966,10.54,79,100,10.42,overcast clouds
436,Sevierville,US,35.8681,-83.5618,40.64,51,0,0.0,clear sky
437,Nan,TH,18.8333,100.6667,95.95,33,4,5.91,clear sky
438,Chimichagua,CO,9.2578,-73.8123,74.3,95,100,1.77,overcast clouds
439,Andros Town,BS,24.7,-77.7667,71.56,51,0,14.45,clear sky
440,Olafsvik,IS,64.8945,-23.7142,33.4,77,100,20.58,overcast clouds
441,Vanavara,RU,60.34,102.2797,20.52,84,100,8.5,overcast clouds
442,Uige,AO,-7.6087,15.0613,68.52,94,100,3.2,overcast clouds
443,Santa Cruz,BO,-17.8,-63.1667,67.46,88,99,2.3,overcast clouds
444,Shiraz,IR,29.6036,52.5388,47.64,29,0,0.0,clear sky
445,Batticaloa,LK,7.7102,81.6924,85.03,68,2,5.93,clear sky
446,Kharabali,RU,47.4196,47.2568,31.66,63,82,23.6,broken clouds
447,Along,IN,28.1667,94.7667,85.5,37,87,1.63,overcast clouds
448,Opuwo,NA,-18.0607,13.84,64.42,53,4,2.91,clear sky
449,Muhos,FI,64.808,25.9931,19.18,90,100,11.48,light snow
450,Komsomolskiy,UZ,40.4272,71.7189,56.12,41,4,2.3,clear sky
451,Cairns,AU,-16.9167,145.7667,88.11,74,40,9.22,scattered clouds
452,Berdigestyakh,RU,62.0989,126.6992,25.75,82,100,7.16,overcast clouds
453,Ereymentau,KZ,51.6199,73.1033,29.41,92,98,12.41,overcast clouds
454,Rafaela,AR,-31.2503,-61.4867,63.99,55,44,1.01,scattered clouds
455,Lure,FR,47.75,6.5,42.04,86,0,2.3,clear sky
456,Talnakh,RU,69.4865,88.3972,8.76,92,98,5.75,overcast clouds
457,Kalianget,ID,-7.05,113.9333,84.72,69,82,6.6,broken clouds
458,Jimani,DO,18.4917,-71.8502,78.69,86,100,2.06,overcast clouds
459,Calinesti,RO,44.8167,25.05,41.49,44,0,6.96,clear sky
460,Praia,CV,14.9215,-23.5087,68.54,77,20,13.8,few clouds
461,Vanino,RU,49.0869,140.2543,33.3,64,16,11.79,few clouds
462,Jawa,JO,31.8525,35.9393,41.31,93,0,3.44,mist
463,Kurumkan,RU,54.3,110.3,20.48,58,84,7.76,broken clouds
464,Jutai,BR,-5.1833,-68.9,71.71,100,100,2.44,moderate rain
465,Ascension,US,30.2169,-90.9001,66.2,93,0,0.0,clear sky
466,Palanga,LT,55.9175,21.0686,41.02,87,0,10.36,clear sky
467,Eyl,SO,7.9803,49.8164,80.56,58,35,15.73,scattered clouds
468,Veinticinco De Mayo,AR,-35.4323,-60.1727,56.98,90,0,4.05,clear sky
469,Sladkovo,RU,55.5284,70.3385,26.98,90,74,12.66,broken clouds
470,Caravelas,BR,-17.7125,-39.2481,75.34,87,24,4.14,few clouds
471,Port Lincoln,AU,-34.7333,135.8667,71.2,61,1,12.26,clear sky
472,Pangody,RU,65.85,74.4859,17.29,89,100,17.07,overcast clouds
473,Baruun-Urt,MN,46.6806,113.2792,44.89,22,97,8.32,overcast clouds
474,Portobelo,PA,9.55,-79.65,76.1,87,58,12.5,broken clouds
475,Adra,ES,36.7496,-3.0206,61.41,61,100,6.6,overcast clouds
476,Regina,CA,50.4501,-104.6178,29.03,68,93,25.99,overcast clouds
477,Kaoma,ZM,-14.7833,24.8,63.34,96,100,4.74,overcast clouds
478,Yulara,AU,-25.2406,130.9889,94.84,10,94,9.22,overcast clouds
479,Gelemso,ET,8.8167,40.5167,66.81,33,42,6.85,scattered clouds
480,Quime,BO,-16.9833,-67.2167,51.39,96,99,3.49,overcast clouds
481,Cozumel,MX,20.5083,-86.9458,77.29,56,0,11.74,clear sky
482,Isangel,VU,-19.55,169.2667,82.06,73,89,9.22,overcast clouds
483,Juneau,US,58.3019,-134.4197,35.6,99,75,0.0,broken clouds
484,Lamu,KE,-2.2717,40.902,84.42,77,19,7.25,few clouds
485,Margate,GB,51.3813,1.3862,44.31,89,0,5.28,clear sky
486,Kununurra,AU,-15.7667,128.7333,96.78,41,92,8.05,overcast clouds
487,Praya,CV,14.9215,-23.5087,68.54,77,20,13.8,few clouds
488,Mosquera,CO,4.7059,-74.2302,51.89,76,40,3.44,scattered clouds
489,Vila Franca Do Campo,PT,37.7167,-25.4333,59.41,86,87,8.88,overcast clouds
490,Nouadhibou,MR,20.931,-17.0347,64.44,85,100,7.25,overcast clouds
491,Numan,NG,9.4667,12.0333,71.73,16,20,2.57,few clouds
492,Kapit,MY,2.0167,112.9333,92.32,48,99,2.28,overcast clouds
493,Katsuura,JP,35.1333,140.3,53.46,73,100,15.19,overcast clouds
494,Te Anau,NZ,-45.4167,167.7167,72.99,49,11,2.48,few clouds
495,Gamba,GA,-2.65,10.0,76.44,92,100,3.49,overcast clouds
496,Aripuana,BR,-9.1667,-60.6333,73.65,97,100,0.96,overcast clouds
497,Evanston,US,42.0411,-87.6901,28.4,66,0,4.61,clear sky
498,Plettenberg Bay,ZA,-34.0527,23.3716,70.54,49,28,7.47,scattered clouds
499,Yumen,CN,40.2833,97.2,51.8,24,97,25.84,overcast clouds
500,Hit,IQ,33.6416,42.8251,54.88,49,0,13.47,clear sky
501,Pangnirtung,CA,66.1451,-65.7125,13.98,61,79,5.95,broken clouds
502,Colon,PA,9.3592,-79.9014,77.11,89,79,7.0,broken clouds
503,Roald,NO,62.5833,6.1333,41.76,75,75,23.02,broken clouds
504,Antofagasta,CL,-23.65,-70.4,65.34,77,18,5.12,few clouds
505,Deputatskiy,RU,69.3,139.9,8.13,82,19,2.95,few clouds
506,Sangar,RU,63.9242,127.4739,22.86,79,99,10.42,overcast clouds
507,Xinqing,CN,48.2333,129.5,40.08,48,21,11.77,few clouds
508,Champerico,GT,14.3,-91.9167,80.4,73,97,6.26,overcast clouds
509,Rio Gallegos,AR,-51.6226,-69.2181,39.25,81,0,3.44,clear sky
510,Coquimbo,CL,-29.9533,-71.3436,63.19,78,1,2.19,clear sky
511,Kashi,CN,39.4547,75.9797,59.65,16,96,3.47,overcast clouds
512,Bubaque,GW,11.2833,-15.8333,76.01,63,68,11.88,broken clouds
513,Ati,TD,13.2154,18.3353,66.81,9,40,12.57,scattered clouds
514,Dzilam Gonzalez,MX,21.2833,-88.9333,68.65,67,0,7.47,clear sky
515,Marienburg,PL,54.0359,19.0266,46.11,89,11,11.88,few clouds
516,Taltal,CL,-25.4,-70.4833,64.94,79,2,3.0,clear sky
517,Nichinan,JP,31.6,131.3667,57.02,68,100,5.84,overcast clouds
518,Vestmannaeyjar,IS,63.4427,-20.2734,40.48,82,100,33.44,overcast clouds
519,Geraldton,AU,-28.7667,114.6,95.41,29,54,10.36,broken clouds
520,Athabasca,CA,54.7169,-113.2854,27.48,95,100,4.18,overcast clouds
521,Tenenkou,ML,14.4572,-4.9169,83.86,12,42,10.33,scattered clouds
522,Howard Springs,AU,-12.497,131.047,91.87,70,83,3.36,broken clouds
523,Atmakur,IN,15.8833,78.5833,99.05,26,29,1.63,scattered clouds
524,Furano,JP,43.2818,142.4743,33.64,85,93,13.98,light snow
525,Odweyne,SO,9.4092,45.064,76.82,21,23,16.73,few clouds
526,Rorvik,NO,64.8621,11.2373,39.18,93,40,18.41,scattered clouds
527,Touros,BR,-5.1989,-35.4608,78.4,87,86,9.51,overcast clouds
528,Santa Rosalia,MX,27.3167,-112.2833,68.52,35,47,5.57,scattered clouds
529,Mandalgovi,MN,45.7625,106.2708,41.58,32,100,12.46,overcast clouds
530,Kahna Nau,PK,31.3692,74.3653,84.24,42,0,6.91,clear sky
531,Chapais,CA,49.7834,-74.8492,-4.22,93,100,9.75,overcast clouds
532,Moulins,FR,46.5,3.3333,44.78,72,54,3.74,broken clouds
533,Grindavik,IS,63.8424,-22.4338,41.47,81,100,24.16,overcast clouds
534,La Primavera,CO,5.4906,-70.4092,77.81,81,96,6.6,moderate rain
535,Kysyl-Syr,RU,63.8986,122.7617,23.68,90,100,2.24,light snow
536,Harbour Breton,CA,47.4833,-55.7983,35.92,99,100,3.47,overcast clouds
537,Sellye,SK,48.1513,17.8806,35.74,49,0,4.0,clear sky
538,Camopi,GF,3.1655,-52.3158,71.02,100,99,2.28,overcast clouds
539,Kattivakkam,IN,13.2167,80.3167,89.69,76,11,13.51,few clouds
540,Loubomo,CG,-4.1997,12.6739,71.31,97,53,1.79,light rain
541,Solnechnyy,RU,50.7214,136.6319,29.3,86,67,4.12,light snow
542,Owatonna,US,44.0839,-93.226,22.15,73,0,0.0,clear sky
543,Oktyabrskiy,RU,54.4815,53.471,24.94,91,99,10.33,light snow
544,Lusambo,CD,-4.9667,23.45,69.31,99,100,2.17,light rain
545,Leh,IN,34.1667,77.5833,32.09,60,10,3.38,clear sky
546,Nexo,DK,55.0607,15.1306,41.09,91,65,24.36,broken clouds
547,Lata,PT,40.1629,-8.3327,55.08,60,100,9.22,overcast clouds
548,San Jose,US,37.3394,-121.895,57.34,82,75,10.36,broken clouds
549,Prieska,ZA,-29.6641,22.7474,70.72,42,1,6.69,clear sky
550,Zhangye,CN,38.9342,100.4517,53.6,20,95,24.05,overcast clouds
551,Ifanadiana,MG,-21.3,47.6333,73.53,92,99,0.2,overcast clouds
552,Gewane,ET,10.1664,40.6453,80.29,24,44,3.2,scattered clouds
553,Ushtobe,KZ,45.2514,77.9838,48.78,47,36,9.01,scattered clouds
554,Qaqortoq,GL,60.7167,-46.0333,23.14,70,36,6.67,scattered clouds
555,Fare,PF,-16.7,-151.0167,81.86,74,15,14.52,light rain
556,Hun,LY,29.1268,15.9477,63.68,11,23,9.82,few clouds
557,Kumluca,TR,36.3703,30.2869,56.95,38,1,4.76,clear sky
558,Russell,US,32.3502,-85.1999,56.8,62,0,0.0,clear sky
559,Hambantota,LK,6.1241,81.1185,87.42,63,6,8.77,clear sky
560,Goderich,CA,43.7501,-81.7165,20.91,84,100,23.26,light snow
561,Samarai,PG,-10.6167,150.6667,84.0,73,54,2.48,broken clouds
562,Togul,RU,53.465,85.9128,32.18,100,100,5.28,overcast clouds
563,Nioro,GM,13.35,-15.75,72.03,40,100,8.52,overcast clouds
564,Ornskoldsvik,SE,63.2909,18.7153,38.35,65,100,16.11,overcast clouds
565,Tres Arroyos,AR,-38.3739,-60.2798,55.09,69,0,8.25,clear sky
566,Belaya,UA,49.029,25.7706,34.72,55,28,6.53,scattered clouds
567,Kolondieba,ML,11.0882,-6.8926,81.81,50,33,3.83,scattered clouds
568,Sembe,CG,1.6481,14.5806,70.23,58,42,2.39,scattered clouds
569,Naze,JP,28.3667,129.4833,62.35,67,97,10.27,overcast clouds
570,Saint-Gabriel,CA,46.3001,-73.3824,15.91,70,100,10.74,overcast clouds
571,Lyngseidet,NO,69.5763,20.2189,14.0,75,97,8.99,overcast clouds
572,Prince Rupert,CA,54.3161,-130.3201,41.92,87,6,3.69,clear sky
573,Douglas,US,41.3,-96.167,36.52,46,0,5.75,clear sky
574,Sola,VU,-13.8833,167.55,83.1,72,92,11.97,light rain
575,Tranas,SE,58.0372,14.9782,42.39,74,81,14.67,broken clouds
576,Mackay,AU,-21.15,149.2,91.69,70,2,10.29,clear sky
577,Channel-Port Aux Basques,CA,47.5702,-59.1367,34.86,96,100,2.75,overcast clouds
578,Fernley,US,39.608,-119.2518,58.06,27,83,7.07,broken clouds
579,Karratha,AU,-20.7377,116.8463,82.98,67,96,19.19,overcast clouds
580,Ust-Shonosha,RU,61.1531,41.343,13.78,93,99,6.46,overcast clouds
581,Ossora,RU,59.2353,163.0719,27.75,95,100,29.59,snow
582,Sibu,MY,2.3,111.8167,94.5,45,91,2.13,overcast clouds
583,Pout,SN,14.7739,-17.0603,65.16,88,0,18.41,clear sky
584,Grand-Santi,GF,4.25,-54.3833,70.5,100,100,1.83,overcast clouds
585,Qui Nhon,VN,13.7667,109.2333,82.22,76,100,16.82,overcast clouds
586,Guarumal,PA,8.35,-82.5333,76.5,71,65,6.38,broken clouds
587,Estelle,US,29.8458,-90.1067,66.18,83,8,5.01,clear sky
588,Petropavlovsk-Kamchatskiy,RU,53.0452,158.6483,34.39,75,75,0.0,broken clouds
589,Menongue,AO,-14.6585,17.691,61.21,91,96,1.92,overcast clouds
590,Mianwali,PK,32.5741,71.5264,88.03,13,0,4.72,clear sky
591,Voskresenskoye,RU,56.8381,45.4317,19.81,74,100,11.77,overcast clouds
592,Baykit,RU,61.67,96.37,19.99,80,89,8.05,overcast clouds
593,Abalak,RU,58.1286,68.5944,26.71,90,100,12.55,overcast clouds
594,Mitsamiouli,KM,-11.3847,43.2844,82.63,74,89,5.99,light rain
595,Puerto Madryn,AR,-42.7692,-65.0385,61.54,44,3,4.14,clear sky
596,Kimbe,PG,-5.5502,150.1429,84.38,75,78,5.64,light rain
597,Tazmalt,DZ,36.3868,4.3989,50.25,86,64,1.28,broken clouds
598,Panaba,MX,21.2833,-88.2667,66.15,74,0,7.74,clear sky
599,Ngunguru,NZ,-35.6167,174.5,65.91,67,11,7.11,few clouds
600,Maragogi,BR,-9.0122,-35.2225,77.7,86,96,7.14,overcast clouds
601,Quzhou,CN,28.9594,118.8686,55.38,78,100,9.15,overcast clouds
602,Kenai,US,60.5544,-151.2583,35.02,90,100,19.57,overcast clouds
603,Maydolong,PH,11.4992,125.5011,81.39,86,98,10.92,light rain
604,Stepantsevo,RU,56.1314,41.7032,20.03,84,100,10.56,overcast clouds
605,Saint-Pierre,RE,-21.3393,55.4781,84.29,71,20,5.75,few clouds
606,Caucasia,CO,7.9865,-75.1935,76.89,89,100,4.5,overcast clouds
607,Asau,RO,46.4333,26.4,22.12,56,9,3.8,clear sky
608,Sao Jose Da Coroa Grande,BR,-8.8978,-35.1478,77.79,85,90,7.16,overcast clouds
609,Katherine,AU,-14.4667,132.2667,95.32,34,0,6.91,clear sky
610,Los Llanos De Aridane,ES,28.6585,-17.9182,60.55,95,75,14.97,broken clouds
611,Togur,RU,58.3631,82.8265,24.51,85,59,6.91,broken clouds
612,Chernyakhovsk,RU,54.6335,21.8156,40.21,89,49,15.21,scattered clouds
613,Nurota,UZ,40.5614,65.6886,51.13,49,15,5.84,few clouds
614,Tobermory,CA,45.2501,-81.6665,15.31,65,100,22.26,overcast clouds
615,Kalmar,SE,56.6616,16.3616,43.14,83,0,18.41,clear sky
616,Dandong,CN,40.1292,124.3947,51.76,26,0,16.33,clear sky
617,Karasjok,NO,69.4719,25.5112,-2.79,94,77,5.37,broken clouds
618,Nabire,ID,-3.3667,135.4833,87.33,57,50,6.55,scattered clouds
619,Bagdarin,RU,54.4333,113.6,17.76,54,54,14.41,broken clouds
620,Ulladulla,AU,-35.35,150.4667,73.76,89,100,4.92,light rain
621,Saint-Francois,FR,46.4154,3.9054,33.24,93,18,2.3,few clouds
622,Puerto Carreno,CO,6.189,-67.4859,79.59,81,98,7.99,overcast clouds
623,Shihezi,CN,44.3,86.0333,50.77,49,50,5.88,scattered clouds
624,Mastic Beach,US,40.7668,-72.8521,32.22,49,100,19.57,overcast clouds
625,Saint-Georges,GD,12.0564,-61.7485,78.48,78,40,16.11,scattered clouds
626,Dukat,RU,62.55,155.55,3.13,90,100,9.22,overcast clouds
627,Slupsk,PL,54.4641,17.0287,40.42,95,64,16.58,broken clouds
628,Bolshaya Glushitsa,RU,50.2406,43.5908,24.26,73,96,19.33,overcast clouds
629,Teguise,ES,29.0605,-13.564,57.42,82,20,4.61,few clouds
630,Opportunity,US,47.6499,-117.2399,56.89,69,0,4.61,clear sky
631,Volchikha,RU,52.0333,80.3833,30.99,93,99,8.88,overcast clouds
632,Naryan-Mar,RU,67.6713,53.087,11.05,95,99,10.0,overcast clouds
633,Verkhoyansk,RU,67.5447,133.385,13.39,74,81,2.48,broken clouds
634,Baoding,CN,38.8511,115.4903,64.26,19,0,14.52,clear sky
635,Gaziantep,TR,37.0594,37.3825,39.13,65,0,3.44,clear sky
636,Assemini,IT,39.2915,9.0015,47.05,78,0,8.05,clear sky
637,Lipin Bor,RU,60.2622,37.9763,13.68,92,92,5.19,overcast clouds
638,Sergeyevka,KZ,53.88,67.4158,24.6,91,39,13.09,scattered clouds
639,Ribas Do Rio Pardo,BR,-20.4431,-53.7592,71.22,92,45,1.23,scattered clouds
640,Kaeo,NZ,-35.1,173.7833,70.32,73,4,6.11,clear sky
641,Labrea,BR,-7.2586,-64.7981,71.89,99,98,1.86,light rain
642,Norrtalje,SE,59.758,18.705,45.01,60,90,12.19,overcast clouds
643,Bequimao,BR,-2.4489,-44.7825,73.83,98,100,2.21,overcast clouds
644,Shirokiy,RU,49.758,129.523,34.77,86,51,8.61,broken clouds
645,Iranshahr,IR,27.2025,60.6848,78.26,15,0,4.38,clear sky
646,Omboue,GA,-1.5746,9.2618,76.08,94,100,8.39,light rain
647,Ambilobe,MG,-13.2,49.05,78.73,84,73,2.42,broken clouds
648,Nyurba,RU,63.2842,118.3319,24.13,80,100,7.36,overcast clouds
649,Dongsheng,CN,39.8161,109.9776,52.39,28,24,28.45,few clouds
650,Evensk,RU,61.95,159.2333,15.03,83,100,31.18,overcast clouds
651,Hvide Sande,DK,56.0045,8.1294,44.1,95,15,17.31,few clouds
652,Huarmey,PE,-10.0681,-78.1522,72.07,79,99,6.17,overcast clouds
653,Mercedes,AR,-34.6515,-59.4307,58.86,71,0,5.12,clear sky
654,Mareeba,AU,-17.0,145.4333,89.65,65,49,3.42,scattered clouds
655,Pimentel,PE,-6.8367,-79.9342,70.77,78,100,9.46,overcast clouds
656,Henties Bay,NA,-22.116,14.2845,63.81,88,44,3.91,scattered clouds
657,Young,UY,-32.6833,-57.6333,59.23,81,0,5.06,clear sky
658,Yerbogachen,RU,61.2767,108.0108,23.94,89,100,11.74,light snow
659,Kouango,CF,4.9934,19.9619,72.03,29,100,0.87,overcast clouds
660,Umba,RU,66.6871,34.3429,11.16,91,65,4.97,broken clouds
661,Cap-Aux-Meules,CA,47.3821,-61.8597,32.41,96,82,9.04,broken clouds
662,Cockburn Town,TC,21.4612,-71.1419,75.94,67,60,17.98,broken clouds
663,Soloneshnoye,RU,51.6544,84.3197,37.4,96,100,1.14,overcast clouds
664,Sinop,TR,41.7711,34.8709,30.63,75,4,5.5,clear sky
665,Shenjiamen,CN,29.9576,122.298,50.85,67,100,7.58,overcast clouds
666,Srednekolymsk,RU,67.45,153.6833,16.18,70,15,4.88,few clouds
667,Cameron Park,US,38.6688,-120.9872,57.22,77,62,1.99,broken clouds
668,Gat,IL,31.61,34.7642,57.4,100,0,5.39,clear sky
669,Udachnyy,RU,66.4167,112.4,16.45,78,99,9.57,overcast clouds
670,Krasnoselkup,RU,65.7,82.4667,17.42,90,99,11.86,overcast clouds
671,Beringovskiy,RU,63.05,179.3167,3.29,94,13,5.21,few clouds
672,Pa Sang,TH,18.5262,98.9394,100.85,24,7,0.63,clear sky
673,Teknaf,BD,20.8624,92.3058,85.95,64,49,6.87,scattered clouds
674,Lakes Entrance,AU,-37.8811,147.981,80.17,52,100,7.23,overcast clouds
675,Nuevo Progreso,MX,23.1667,-97.95,63.54,90,0,5.28,clear sky
676,Marsh Harbour,BS,26.5412,-77.0636,71.17,50,0,13.56,clear sky
677,Kedougou,SN,12.5579,-12.1743,86.38,18,97,5.14,overcast clouds
678,Kampene,CD,-3.6,26.6667,68.58,99,100,2.08,overcast clouds
679,Aklavik,CA,68.2191,-135.0107,-11.72,100,100,3.85,overcast clouds
680,Bibiani,GH,6.4635,-2.3194,72.12,95,87,2.06,overcast clouds
681,Bulawayo,ZW,-20.15,28.5833,61.68,88,58,14.18,broken clouds
682,Keti Bandar,PK,24.1447,67.4497,85.05,52,0,16.78,clear sky
683,Akyab,MM,20.15,92.9,84.38,67,10,8.61,clear sky
684,Belmonte,BR,-15.8631,-38.8828,77.22,79,91,5.84,overcast clouds
685,Kusatsu,JP,35.0167,135.9667,58.08,49,99,10.13,overcast clouds
686,Ostersund,SE,63.1792,14.6357,33.62,80,0,43.73,clear sky
687,Broome,US,42.2506,-75.833,19.71,67,75,11.5,broken clouds
688,Punta Umbria,ES,37.1821,-6.9661,56.23,63,100,18.5,overcast clouds
689,Elat,IL,29.5581,34.9482,55.24,50,0,16.11,clear sky
690,Moberly,US,39.4184,-92.4382,37.92,54,100,4.61,overcast clouds
691,Batemans Bay,AU,-35.7167,150.1833,71.1,87,99,1.99,light rain
692,Tigzirt,DZ,36.8886,4.1198,54.0,80,55,4.36,broken clouds
693,Yuzawa,JP,39.1667,140.5,45.01,55,22,18.39,few clouds
694,Deer Lake,CA,49.1667,-57.4316,35.04,100,100,3.27,overcast clouds
695,Butka,RU,56.7179,63.7866,29.46,89,100,13.62,overcast clouds
696,Akusha,RU,42.2688,47.3411,21.43,75,20,1.83,few clouds
697,Hay River,CA,60.8156,-115.7999,10.72,96,100,3.65,light snow
698,Kieta,PG,-6.2167,155.6333,81.86,83,69,7.85,light rain
699,Florianopolis,BR,-27.6146,-48.5012,69.69,92,75,3.44,broken clouds
700,Caxias,PT,38.7031,-9.2767,61.45,70,0,10.36,clear sky
701,Harnosand,SE,62.6323,17.9379,41.0,79,99,15.37,overcast clouds
702,Loandjili,CG,-4.7561,11.8578,77.04,92,100,4.56,moderate rain
